City_ID,City,Country,Date,Lat,Lng,Max Temp,Humidity,Cloudiness,Wind Speed
0,Saint-Philippe,RE,2022-01-02 20:00:29,-21.3585,55.7679,76.59,80,43,11.36
1,Ushuaia,AR,2022-01-02 20:00:30,-54.8,-68.3,45.73,49,67,15.9
2,Bismarck,US,2022-01-02 20:00:01,46.8083,-100.7837,23.81,72,1,1.99
3,Rikitea,PF,2022-01-02 20:00:30,-23.1203,-134.9692,77.47,71,19,9.26
4,Albany,US,2022-01-02 19:56:39,42.6001,-73.9662,37.8,92,100,1.99
5,Port Blair,IN,2022-01-02 20:00:31,11.6667,92.75,78.71,74,29,10.25
6,Iquitos,PE,2022-01-02 20:00:32,-3.7481,-73.2472,88.52,56,94,4.54
7,Barrow,US,2022-01-02 19:56:08,71.2906,-156.7887,-27.85,100,53,5.59
8,Bambous Virieux,MU,2022-01-02 20:00:32,-20.3428,57.7575,76.21,78,20,5.75
9,New Norfolk,AU,2022-01-02 20:00:33,-42.7826,147.0587,56.7,81,100,1.54
10,Bluff,NZ,2022-01-02 20:00:33,-46.6,168.3333,62.8,77,100,3.06
11,Davila,PH,2022-01-02 20:00:34,18.4726,120.5763,72.03,76,27,10.67
12,Yellowknife,CA,2022-01-02 20:00:34,62.456,-114.3525,-24.45,67,100,10.0
13,Vysokogornyy,RU,2022-01-02 20:00:35,50.1167,139.15,-18.22,99,99,3.31
14,Kunri,PK,2022-01-02 20:00:35,25.1785,69.5691,67.01,29,96,8.46
15,Padang,ID,2022-01-02 20:00:29,-0.9492,100.3543,75.81,84,100,3.42
16,Bredasdorp,ZA,2022-01-02 20:00:36,-34.5322,20.0403,63.28,70,100,4.76
17,La Asuncion,VE,2022-01-02 20:00:36,11.0333,-63.8628,82.13,69,51,16.11
18,Port Elizabeth,ZA,2022-01-02 20:00:37,-33.918,25.5701,64.09,79,57,1.41
19,Batemans Bay,AU,2022-01-02 20:00:37,-35.7167,150.1833,71.1,88,95,2.33
20,Hobart,AU,2022-01-02 19:58:03,-42.8794,147.3294,57.06,83,75,1.01
21,Tevriz,RU,2022-01-02 20:00:38,57.509,72.4042,22.62,95,100,7.18
22,Sioux Lookout,CA,2022-01-02 20:00:39,50.1001,-91.917,-1.53,84,100,5.86
23,Punta Arenas,CL,2022-01-02 20:00:39,-53.15,-70.9167,50.11,43,76,26.04
24,Acajutla,SV,2022-01-02 20:00:40,13.5928,-89.8275,91.8,60,81,8.86
25,Hithadhoo,MV,2022-01-02 20:00:40,-0.6,73.0833,82.2,74,93,9.64
26,Mataura,NZ,2022-01-02 20:00:41,-46.1927,168.8643,62.47,63,100,1.23
27,Katsuura,JP,2022-01-02 20:00:41,35.1333,140.3,42.91,58,0,9.24
28,Atuona,PF,2022-01-02 20:00:41,-9.8,-139.0333,78.35,73,19,20.11
29,Belaya Gora,RU,2022-01-02 20:00:42,68.5333,146.4167,-29.25,97,100,2.04
30,Saint George,US,2022-01-02 20:00:43,37.1041,-113.5841,43.27,34,1,1.01
31,Port Alfred,ZA,2022-01-02 20:00:44,-33.5906,26.891,65.59,73,100,3.27
32,Sterling,US,2022-01-02 20:00:21,39.0062,-77.4286,64.26,91,90,1.01
33,San Angelo,US,2022-01-02 19:58:20,31.4638,-100.437,43.95,34,0,5.99
34,Hermanus,ZA,2022-01-02 20:00:45,-34.4187,19.2345,63.9,73,100,5.06
35,Mar Del Plata,AR,2022-01-02 20:00:08,-38.0023,-57.5575,72.88,77,85,5.99
36,Barcelos,PT,2022-01-02 19:59:54,41.5388,-8.6151,55.92,93,89,3.27
37,Cape Town,ZA,2022-01-02 20:00:43,-33.9258,18.4232,64.35,76,100,3.0
38,Zhangjiakou,CN,2022-01-02 20:00:46,40.81,114.8794,17.91,46,32,4.43
39,College,US,2022-01-02 20:00:46,64.8569,-147.8028,-43.28,97,28,3.22
40,Salalah,OM,2022-01-02 20:00:20,17.0151,54.0924,73.83,72,95,5.91
41,Ribeira Grande,PT,2022-01-02 20:00:47,38.5167,-28.7,61.2,82,75,9.22
42,Vaini,TO,2022-01-02 20:00:47,-21.2,-175.2,78.84,80,3,14.7
43,Havoysund,NO,2022-01-02 20:00:48,70.9963,24.6622,18.48,75,100,27.72
44,Walsrode,DE,2022-01-02 20:00:48,52.8667,9.6,53.1,86,100,13.31
45,Saskylakh,RU,2022-01-02 20:00:49,71.9167,114.0833,-45.22,100,94,2.15
46,Busselton,AU,2022-01-02 20:01:49,-33.65,115.3333,57.04,89,45,12.1
47,Thompson,CA,2022-01-02 20:01:50,55.7435,-97.8558,-5.75,89,94,0.78
48,Suntar,RU,2022-01-02 20:01:50,62.1444,117.6319,-28.19,97,85,4.23
49,Avarua,CK,2022-01-02 20:01:51,-21.2078,-159.775,82.45,78,20,13.8
50,Tasiilaq,GL,2022-01-02 20:01:51,65.6145,-37.6368,8.76,58,100,7.34
51,Leningradskiy,RU,2022-01-02 20:01:52,69.3833,178.4167,14.45,87,100,7.85
52,Fortuna,US,2022-01-02 20:01:53,40.5982,-124.1573,52.14,60,1,7.0
53,Pevek,RU,2022-01-02 20:01:53,69.7008,170.3133,23.58,79,100,22.08
54,Santa Cruz De La Palma,ES,2022-01-02 20:01:53,28.6835,-17.7642,71.13,49,0,4.61
55,Hilo,US,2022-01-02 19:59:43,19.7297,-155.09,81.63,78,100,5.01
56,Bathsheba,BB,2022-01-02 20:01:54,13.2167,-59.5167,79.59,67,9,18.84
57,Nyurba,RU,2022-01-02 20:01:54,63.2842,118.3319,-26.99,99,99,3.76
58,Ambon,ID,2022-01-02 20:01:55,-3.6954,128.1814,75.34,94,40,5.75
59,Lebu,CL,2022-01-02 20:01:55,-37.6167,-73.65,61.27,94,96,8.19
60,Ponta Delgada,PT,2022-01-02 20:01:56,37.7333,-25.6667,67.5,94,75,19.57
61,Victoria,HK,2022-01-02 20:01:56,22.2855,114.1577,66.94,86,66,1.99
62,Riyadh,SA,2022-01-02 20:01:56,24.6877,46.7219,63.28,33,1,10.33
63,Puerto Ayora,EC,2022-01-02 20:01:57,-0.7393,-90.3518,72.9,78,95,12.55
64,Torbay,CA,2022-01-02 20:00:43,47.6666,-52.7314,39.27,94,100,5.99
65,Norman Wells,CA,2022-01-02 20:01:57,65.282,-126.8329,-27.36,62,40,16.11
66,Upernavik,GL,2022-01-02 20:01:58,72.7868,-56.1549,3.33,76,100,6.13
67,Butaritari,KI,2022-01-02 20:01:58,3.0707,172.7902,80.47,69,100,10.71
68,Havre-Saint-Pierre,CA,2022-01-02 20:01:59,50.2334,-63.5986,15.13,65,100,13.29
69,Eregli,TR,2022-01-02 20:01:59,37.5133,34.0467,33.66,82,37,3.51
70,Qaanaaq,GL,2022-01-02 20:01:59,77.484,-69.3632,-0.72,71,99,8.05
71,Nyrob,RU,2022-01-02 20:02:00,60.733,56.7202,17.71,97,100,2.91
72,Kieta,PG,2022-01-02 20:02:00,-6.2167,155.6333,80.19,79,55,4.21
73,Ketchikan,US,2022-01-02 20:02:00,55.3422,-131.6461,33.51,96,100,6.8
74,Cidreira,BR,2022-01-02 19:58:18,-30.1811,-50.2056,76.03,87,100,4.38
75,Baculin,PH,2022-01-02 20:02:01,7.4525,126.5842,75.96,90,100,7.54
76,Hofn,IS,2022-01-02 20:02:01,64.2539,-15.2082,23.67,59,0,20.6
77,Kapaa,US,2022-01-02 20:02:02,22.0752,-159.319,73.38,84,100,3.0
78,Mersing,MY,2022-01-02 20:02:02,2.4312,103.8405,75.22,93,100,8.34
79,Sao Filipe,CV,2022-01-02 20:02:03,14.8961,-24.4956,77.81,58,17,10.33
80,Khatanga,RU,2022-01-02 20:02:03,71.9667,102.5,-50.98,99,71,3.29
81,Kruisfontein,ZA,2022-01-02 20:02:04,-34.0033,24.7314,61.88,84,48,2.1
82,Chokurdakh,RU,2022-01-02 20:02:04,70.6333,147.9167,-27.71,97,99,7.47
83,Chernyshevskiy,RU,2022-01-02 20:02:05,63.0128,112.4714,-28.79,100,100,3.71
84,Carnarvon,AU,2022-01-02 20:02:05,-24.8667,113.6333,73.24,78,0,13.76
85,Ostrovnoy,RU,2022-01-02 20:02:05,68.0531,39.5131,16.97,85,100,18.7
86,Hovd,MN,2022-01-02 20:02:06,48.0056,91.6419,-2.34,82,25,2.24
87,Dwarka,IN,2022-01-02 20:02:06,22.2394,68.9678,71.31,67,0,10.29
88,Palana,RU,2022-01-02 20:02:07,59.1167,159.9667,27.81,78,100,14.9
89,Ahipara,NZ,2022-01-02 20:02:07,-35.1667,173.1667,68.77,65,100,9.42
90,Kaitangata,NZ,2022-01-02 20:02:07,-46.2817,169.8464,65.37,64,100,2.93
91,Severo-Kurilsk,RU,2022-01-02 20:03:08,50.6789,156.125,25.99,73,93,12.1
92,Kathu,TH,2022-01-02 20:03:08,7.9178,98.3332,83.7,75,97,12.33
93,Cabo San Lucas,MX,2022-01-02 20:00:02,22.8909,-109.9124,80.06,66,0,3.0
94,Channel-Port Aux Basques,CA,2022-01-02 20:03:09,47.5702,-59.1367,39.56,99,100,5.48
95,Matara,LK,2022-01-02 20:03:09,5.9485,80.5353,74.79,87,4,9.17
96,Tuatapere,NZ,2022-01-02 20:03:10,-46.1333,167.6833,62.82,71,100,1.79
97,Tiksi,RU,2022-01-02 20:03:10,71.6872,128.8694,-32.19,100,82,1.43
98,Saint-Prosper,CA,2022-01-02 20:03:11,46.2117,-70.4811,23.68,94,100,4.21
99,Dikson,RU,2022-01-02 20:03:12,73.5069,80.5464,-37.95,93,22,10.74
100,Roma,US,2022-01-02 20:03:12,43.2128,-75.4557,27.43,90,90,6.91
101,Basco,PH,2022-01-02 20:03:12,20.4487,121.9702,74.39,65,99,15.14
102,Amapa,BR,2022-01-02 20:03:13,1.0,-52.0,77.32,96,31,3.87
103,Nome,US,2022-01-02 20:00:39,64.5011,-165.4064,-13.25,97,82,2.46
104,Arraial Do Cabo,BR,2022-01-02 20:03:13,-22.9661,-42.0278,75.97,90,100,12.26
105,Adrar,MR,2022-01-02 20:03:14,20.5022,-10.0711,66.33,20,0,11.45
106,Mulanje,MW,2022-01-02 20:03:14,-16.0316,35.5,72.64,90,100,4.97
107,Aden,YE,2022-01-02 20:00:03,12.7794,45.0367,77.34,76,52,16.42
108,Belyy Yar,RU,2022-01-02 20:03:15,53.6039,91.3903,6.69,85,100,2.24
109,Dongying,CN,2022-01-02 20:00:19,37.4564,118.4856,30.34,53,28,4.54
110,La Ronge,CA,2022-01-02 20:03:15,55.1001,-105.2842,-0.22,93,100,5.84
111,Sao Joao Da Barra,BR,2022-01-02 20:03:16,-21.6403,-41.0511,75.15,89,100,4.27
112,Road Town,VG,2022-01-02 20:03:16,18.4167,-64.6167,82.44,65,40,13.8
113,San Cristobal,VE,2022-01-02 20:03:16,7.7669,-72.225,83.26,36,59,5.03
114,Denpasar,ID,2022-01-02 20:00:14,-8.65,115.2167,78.46,88,90,8.05
115,Flinders,AU,2022-01-02 20:03:17,-34.5833,150.8552,71.8,86,26,1.99
116,Mega,ET,2022-01-02 20:03:17,4.05,38.3,64.26,46,39,10.36
117,Zhezkazgan,KZ,2022-01-02 20:03:18,47.8043,67.7144,23.02,97,76,3.2
118,Codrington,AU,2022-01-02 20:03:18,-38.2667,141.9667,56.43,70,82,7.99
119,Rawson,AR,2022-01-02 20:00:54,-43.3002,-65.1023,72.64,14,41,31.32
120,Bengkulu,ID,2022-01-02 20:03:18,-3.8004,102.2655,73.85,90,93,3.91
121,Moyale,KE,2022-01-02 20:03:19,3.5167,39.0584,71.85,42,14,5.66
122,Gat,IL,2022-01-02 20:03:19,31.61,34.7642,57.4,100,56,1.54
123,Sao Jose Da Coroa Grande,BR,2022-01-02 20:03:20,-8.8978,-35.1478,80.91,73,83,11.45
124,Vestmannaeyjar,IS,2022-01-02 20:03:20,63.4427,-20.2734,25.23,64,0,25.95
125,Vao,NC,2022-01-02 20:03:21,-22.6667,167.4833,78.26,78,100,20.33
126,Jamestown,US,2022-01-02 19:59:49,42.097,-79.2353,31.08,70,90,8.01
127,Gonzalez,US,2022-01-02 20:03:21,30.5816,-87.2914,75.72,93,100,4.0
128,Coquimbo,CL,2022-01-02 20:03:21,-29.9533,-71.3436,68.9,67,0,10.63
129,Staunton,US,2022-01-02 20:02:09,38.1496,-79.0717,61.07,59,1,4.0
130,Awjilah,LY,2022-01-02 20:03:22,29.1081,21.2869,59.56,66,0,6.69
131,Muros,ES,2022-01-02 20:03:22,42.7762,-9.0603,59.09,88,97,6.71
132,Stornoway,GB,2022-01-02 20:03:23,58.2093,-6.3865,44.92,91,75,4.0
133,Hay River,CA,2022-01-02 20:03:23,60.8156,-115.7999,-11.63,95,100,11.32
134,Kodiak,US,2022-01-02 20:03:24,57.79,-152.4072,17.28,73,96,32.21
135,Ilulissat,GL,2022-01-02 20:03:24,69.2167,-51.1,10.42,48,92,2.3
136,Kindersley,CA,2022-01-02 20:03:24,51.4668,-109.1682,21.79,79,42,13.02
137,Huarmey,PE,2022-01-02 20:04:25,-10.0681,-78.1522,73.99,75,14,10.42
138,Cayenne,GF,2022-01-02 20:00:08,4.9333,-52.3333,80.64,90,90,9.22
139,Luderitz,NA,2022-01-02 20:04:26,-26.6481,15.1594,67.68,58,0,19.73
140,Cap Malheureux,MU,2022-01-02 20:04:26,-19.9842,57.6142,76.46,70,18,3.0
141,Albert Lea,US,2022-01-02 20:03:23,43.648,-93.3683,8.51,64,0,4.63
142,Montes Altos,BR,2022-01-02 20:04:27,-5.8333,-47.0667,82.69,79,73,2.1
143,Portland,US,2022-01-02 20:03:38,45.5234,-122.6762,46.09,74,90,7.0
144,Mahebourg,MU,2022-01-02 20:01:07,-20.4081,57.7,76.24,78,20,5.75
145,Auki,SB,2022-01-02 20:04:27,-8.7676,160.7034,80.06,86,93,8.12
146,Butare,RW,2022-01-02 20:04:28,-2.5967,29.7394,58.69,92,95,3.6
147,Palmer,US,2022-01-02 20:04:28,42.1584,-72.3287,49.68,88,90,1.99
148,Karpogory,RU,2022-01-02 20:04:29,64.0019,44.4451,5.76,94,100,7.56
149,Richards Bay,ZA,2022-01-02 20:04:29,-28.783,32.0377,71.06,93,100,5.75
150,Cherskiy,RU,2022-01-02 20:04:30,68.75,161.3,-4.43,96,97,5.3
151,Naryan-Mar,RU,2022-01-02 20:04:30,67.6713,53.087,-1.35,96,100,14.79
152,Nalbari,IN,2022-01-02 20:04:31,26.4456,91.4354,59.09,57,100,4.88
153,Port-Gentil,GA,2022-01-02 20:04:31,-0.7193,8.7815,79.81,82,93,8.14
154,Oussouye,SN,2022-01-02 20:04:31,12.485,-16.5469,81.07,23,95,6.91
155,Port Macquarie,AU,2022-01-02 20:04:19,-31.4333,152.9167,66.88,78,98,10.4
156,Chuy,UY,2022-01-02 20:04:32,-33.6971,-53.4616,85.41,49,26,11.12
157,Pacific Grove,US,2022-01-02 20:01:29,36.6177,-121.9166,59.41,59,0,1.01
158,Coihaique,CL,2022-01-02 20:04:32,-45.5752,-72.0662,54.21,71,40,9.22
159,Nanortalik,GL,2022-01-02 20:04:33,60.1432,-45.2371,26.55,84,99,11.95
160,Arauco,CL,2022-01-02 20:04:33,-37.2463,-73.3175,64.42,97,88,6.35
161,Surt,LY,2022-01-02 20:04:34,31.2089,16.5887,62.04,74,14,11.9
162,Gizo,SB,2022-01-02 20:04:34,-8.103,156.8419,82.44,77,55,11.88
163,Tromso,NO,2022-01-02 20:04:35,69.6496,18.957,26.62,59,75,5.01
164,Tuktoyaktuk,CA,2022-01-02 20:04:35,69.4541,-133.0374,-16.11,92,100,9.44
165,Namibe,AO,2022-01-02 20:04:35,-15.1961,12.1522,70.03,81,59,4.47
166,Tupa,BR,2022-01-02 20:00:29,-21.9347,-50.5136,83.75,57,35,4.21
167,Barroquinha,BR,2022-01-02 20:04:36,-3.0189,-41.1361,83.98,72,95,10.31
168,Ypsonas,CY,2022-01-02 20:04:36,34.6884,32.9574,57.27,87,0,2.3
169,Menomonie,US,2022-01-02 20:04:37,44.8755,-91.9193,8.37,51,22,3.44
170,Malanje,AO,2022-01-02 20:04:37,-9.5402,16.341,65.08,96,100,3.8
171,Talnakh,RU,2022-01-02 20:04:38,69.4865,88.3972,-36.0,94,16,4.12
172,Mogadishu,SO,2022-01-02 20:04:38,2.0371,45.3438,77.99,84,0,16.62
173,Eskisehir,TR,2022-01-02 20:00:29,39.7767,30.5206,35.64,94,8,4.52
174,Dingle,PH,2022-01-02 20:04:39,10.9995,122.6711,73.2,92,100,9.95
175,Canala,NC,2022-01-02 20:04:39,-21.5333,165.95,77.49,92,98,7.47
176,Isangel,VU,2022-01-02 20:04:40,-19.55,169.2667,80.6,83,100,9.46
177,Keetmanshoop,NA,2022-01-02 20:04:40,-26.5833,18.1333,83.93,12,0,6.76
178,Harper,LR,2022-01-02 20:04:40,4.375,-7.7169,80.11,81,81,6.4
179,Ust-Nera,RU,2022-01-02 20:04:41,64.5667,143.2,-20.22,98,100,2.21
180,Mayumba,GA,2022-01-02 20:04:41,-3.432,10.6554,77.9,90,83,3.71
181,Klaksvik,FO,2022-01-02 20:04:41,62.2266,-6.589,31.12,67,100,27.6
182,Dok Kham Tai,TH,2022-01-02 20:04:42,19.1624,99.9934,62.58,76,0,0.67
183,Mareeba,AU,2022-01-02 20:04:42,-17.0,145.4333,72.45,95,100,3.04
184,Puerto Escondido,MX,2022-01-02 20:05:42,15.85,-97.0667,86.83,66,1,10.36
185,Macedo De Cavaleiros,PT,2022-01-02 20:05:43,41.5382,-6.9611,44.31,84,93,1.41
186,Kalmunai,LK,2022-01-02 20:05:43,7.4167,81.8167,76.37,88,85,7.96
187,San Rafael Del Sur,NI,2022-01-02 20:05:44,11.8485,-86.4384,90.79,39,88,9.91
188,Visby,SE,2022-01-02 20:05:44,57.6409,18.296,43.05,100,75,11.5
189,Baripada,IN,2022-01-02 20:05:45,21.935,86.7214,60.73,53,58,4.7
190,Comodoro Rivadavia,AR,2022-01-02 20:05:45,-45.8667,-67.5,67.86,14,40,20.71
191,Henties Bay,NA,2022-01-02 20:05:46,-22.116,14.2845,62.85,82,87,4.65
192,Ovre Ardal,NO,2022-01-02 20:05:46,61.3167,7.8,40.08,96,90,5.61
193,Urengoy,RU,2022-01-02 20:05:46,65.9667,78.3667,-11.88,98,82,9.15
194,Pangnirtung,CA,2022-01-02 20:05:47,66.1451,-65.7125,15.06,84,100,6.64
195,Te Anau,NZ,2022-01-02 20:05:48,-45.4167,167.7167,60.94,74,100,1.07
196,East London,ZA,2022-01-02 20:05:48,-33.0153,27.9116,67.1,73,100,4.09
197,Saint Anthony,US,2022-01-02 20:05:49,45.0205,-93.218,5.94,62,1,1.01
198,Itarema,BR,2022-01-02 20:05:49,-2.9248,-39.9167,82.62,71,28,13.8
199,Batagay,RU,2022-01-02 20:05:49,67.6333,134.6333,-56.25,99,92,1.95
200,Bowen,AU,2022-01-02 20:01:31,-20.0167,148.2333,81.93,81,7,1.88
201,Constitucion,CL,2022-01-02 20:05:51,-35.3333,-72.4167,67.28,74,12,9.46
202,Broome,US,2022-01-02 20:05:52,42.2506,-75.833,31.17,83,90,7.0
203,Abu Samrah,SY,2022-01-02 20:05:52,35.3029,37.1841,48.76,71,38,4.72
204,Grants,US,2022-01-02 20:05:53,35.1473,-107.8514,28.92,58,0,4.27
205,Fort Frances,CA,2022-01-02 20:02:04,48.5999,-93.4003,-5.58,71,1,5.75
206,Koygorodok,RU,2022-01-02 20:05:54,60.445,50.9968,-4.74,100,100,2.66
207,Shahpur,IN,2022-01-02 20:05:54,16.7,76.8333,72.37,61,43,8.16
208,Egvekinot,RU,2022-01-02 20:05:55,66.3167,-179.1667,13.41,94,100,2.13
209,Northam,GB,2022-01-02 20:05:55,51.0333,-4.2167,52.02,90,19,23.62
210,Teknaf,BD,2022-01-02 20:05:56,20.8624,92.3058,62.87,78,6,5.68
211,Grand Gaube,MU,2022-01-02 20:05:56,-20.0064,57.6608,76.37,70,18,3.0
212,Narsaq,GL,2022-01-02 20:05:57,60.9167,-46.05,21.42,91,99,6.93
213,Georgetown,MY,2022-01-02 20:05:57,5.4112,100.3354,78.89,78,20,5.75
214,Airai,TL,2022-01-02 20:05:58,-8.9266,125.4092,61.12,94,100,1.45
215,Akdagmadeni,TR,2022-01-02 20:05:59,39.6603,35.8836,23.88,88,20,1.32
216,Prestea,GH,2022-01-02 20:05:59,5.4327,-2.1428,77.38,85,6,4.0
217,Los Algarrobos,PA,2022-01-02 20:05:59,8.5,-82.4333,84.61,66,40,11.5
218,Marrakesh,MA,2022-01-02 20:05:11,31.6315,-8.0083,64.47,34,0,2.3
219,Port Lincoln,AU,2022-01-02 20:06:00,-34.7333,135.8667,58.77,74,44,10.2
220,Saint-Augustin,CA,2022-01-02 20:06:00,51.226,-58.6502,20.32,79,100,17.83
221,Alofi,NU,2022-01-02 20:06:01,-19.0595,-169.9187,78.06,77,100,20.51
222,Lompoc,US,2022-01-02 20:02:06,34.6391,-120.4579,64.02,38,1,6.91
223,Wawina,HN,2022-01-02 20:06:01,15.4167,-84.4333,83.77,64,39,5.01
224,Boda,CF,2022-01-02 20:06:02,4.3189,17.4695,78.24,25,88,3.8
225,Faanui,PF,2022-01-02 20:06:02,-16.4833,-151.75,79.77,74,99,3.6
226,Norden,DE,2022-01-02 20:06:03,53.6,7.2,49.95,96,100,19.01
227,Mongo,TD,2022-01-02 20:06:03,12.1844,18.693,68.36,21,51,8.63
228,Ewa Beach,US,2022-01-02 20:07:04,21.3156,-158.0072,73.44,88,20,10.36
229,Puerto Ayacucho,VE,2022-01-02 20:07:04,5.6639,-67.6236,94.84,33,11,10.22
230,Saint-Pierre,RE,2022-01-02 20:07:05,-21.3393,55.4781,76.68,74,0,3.44
231,Kamina,CD,2022-01-02 20:07:05,-8.7386,24.9906,65.46,97,100,4.18
232,Hirara,JP,2022-01-02 20:07:06,24.8,125.2833,67.66,74,93,19.06
233,San Patricio,US,2022-01-02 20:07:07,28.017,-97.5169,53.58,25,0,26.15
234,Saldanha,ZA,2022-01-02 20:07:07,-33.0117,17.9442,63.25,77,100,20.31
235,Bonavista,CA,2022-01-02 20:07:07,48.6499,-53.1147,39.11,95,100,30.18
236,Half Moon Bay,US,2022-01-02 20:07:08,37.4636,-122.4286,58.05,64,1,6.91
237,Aklavik,CA,2022-01-02 20:07:08,68.2191,-135.0107,-18.94,89,100,14.67
238,Yatou,CN,2022-01-02 20:07:08,37.15,122.3833,26.71,60,66,3.44
239,Nova Odesa,UA,2022-01-02 20:07:09,47.3078,31.7851,30.79,82,87,5.77
240,Saravan,AM,2022-01-02 20:07:09,39.7196,45.6483,18.25,97,100,1.79
241,Rassvet,RU,2022-01-02 20:07:10,46.8333,40.75,26.31,80,63,13.42
242,Arica,CL,2022-01-02 20:07:10,-18.475,-70.3042,80.15,60,0,14.97
243,Togur,RU,2022-01-02 20:07:11,58.3631,82.8265,4.91,98,95,5.7
244,Poroszlo,HU,2022-01-02 20:07:11,47.65,20.6667,44.55,93,100,7.34
245,Gorontalo,ID,2022-01-02 20:07:12,0.5412,123.0595,74.62,97,100,1.66
246,Iqaluit,CA,2022-01-02 20:07:12,63.7506,-68.5145,-13.43,98,47,2.66
247,Porto Novo,BJ,2022-01-02 20:07:12,6.4965,2.6036,81.9,73,1,6.08
248,Acarau,BR,2022-01-02 20:07:13,-2.8856,-40.12,82.67,71,35,15.43
249,Nikolskoye,RU,2022-01-02 20:07:14,59.7035,30.7861,17.8,89,100,6.8
250,Krasnyy Yar,RU,2022-01-02 20:07:14,46.5331,48.3456,33.73,86,100,12.1
251,Port Keats,AU,2022-01-02 20:07:15,-14.25,129.55,80.67,83,100,7.38
252,Sitka,US,2022-01-02 20:07:15,57.0531,-135.33,33.69,60,1,5.75
253,Monywa,MM,2022-01-02 20:07:16,22.1167,95.1333,64.76,69,28,4.27
254,Provideniya,RU,2022-01-02 20:07:16,64.3833,-173.3,11.68,97,99,3.42
255,Ponta Do Sol,PT,2022-01-02 20:07:17,32.6667,-17.1,72.12,16,10,5.37
256,Castro,BR,2022-01-02 20:07:17,-24.7911,-50.0119,77.94,60,74,5.84
257,Guarapari,BR,2022-01-02 20:07:17,-20.6667,-40.4975,80.49,85,100,6.24
258,Jackson,US,2022-01-02 20:02:53,42.4165,-122.8345,45.0,91,40,4.61
259,Yumen,CN,2022-01-02 20:07:18,40.2833,97.2,18.3,49,54,9.98
260,Alice Springs,AU,2022-01-02 20:07:19,-23.7,133.8833,72.95,35,3,0.0
261,Zyryanka,RU,2022-01-02 20:07:19,65.75,150.85,-26.46,96,100,5.86
262,Eidfjord,NO,2022-01-02 20:04:09,60.4675,7.0719,30.6,91,76,2.46
263,Dubbo,AU,2022-01-02 20:03:26,-32.25,148.6167,66.33,82,2,8.05
264,Shebunino,RU,2022-01-02 20:07:20,46.4339,141.8603,15.22,82,100,22.66
265,Ayame,CI,2022-01-02 20:07:20,5.6083,-3.1563,77.49,85,21,4.85
266,Souillac,MU,2022-01-02 20:07:21,-20.5167,57.5167,76.35,78,20,5.75
267,Teguldet,RU,2022-01-02 20:07:21,57.3064,88.1667,15.24,87,100,9.89
268,Bethel,US,2022-01-02 20:07:22,41.3712,-73.414,52.92,89,90,1.01
269,Xuddur,SO,2022-01-02 20:07:22,4.1213,43.8894,75.76,36,3,13.04
270,Yerbogachen,RU,2022-01-02 20:07:23,61.2767,108.0108,-18.38,97,100,3.69
271,Yarmouth,US,2022-01-02 20:07:23,41.7057,-70.2286,52.11,97,90,1.99
272,Dickinson,US,2022-01-02 20:08:24,29.4608,-95.0513,44.17,52,1,4.0
273,Broken Hill,AU,2022-01-02 20:08:24,-31.95,141.4333,68.67,54,0,18.23
274,Vila Franca Do Campo,PT,2022-01-02 20:08:24,37.7167,-25.4333,66.2,95,100,21.36
275,Den Helder,NL,2022-01-02 20:08:25,52.9599,4.7593,51.03,96,75,20.0
276,Wicklow,IE,2022-01-02 20:08:25,53.0,-6.4167,44.04,85,98,17.4
277,Touros,BR,2022-01-02 20:08:26,-5.1989,-35.4608,85.1,69,86,14.12
278,Esperance,AU,2022-01-02 20:08:26,-33.8667,121.9,58.41,87,5,10.8
279,Vanimo,PG,2022-01-02 20:08:27,-2.6741,141.3028,77.45,90,100,6.11
280,Maumere,ID,2022-01-02 20:08:27,-8.6199,122.2111,79.59,82,100,0.98
281,Cartagena,CO,2022-01-02 20:04:48,10.3997,-75.5144,87.42,66,20,11.5
282,Ancud,CL,2022-01-02 20:08:28,-41.8697,-73.8203,65.43,63,75,8.88
283,Ariquemes,BR,2022-01-02 20:08:28,-9.9133,-63.0408,83.75,78,58,4.52
284,Safaga,EG,2022-01-02 20:08:29,26.7292,33.9365,63.59,61,0,13.51
285,Chapais,CA,2022-01-02 20:08:29,49.7834,-74.8492,-2.99,89,100,5.53
286,Eureka,US,2022-01-02 20:08:30,40.8021,-124.1637,52.93,67,100,7.0
287,Kaeo,NZ,2022-01-02 20:08:30,-35.1,173.7833,72.32,72,100,11.27
288,Gwadar,PK,2022-01-02 20:08:31,25.1216,62.3254,72.52,60,22,13.49
289,Gazanjyk,TM,2022-01-02 20:08:31,39.2446,55.5154,47.55,56,100,3.65
290,Oranjemund,NA,2022-01-02 20:08:32,-28.55,16.4333,63.09,80,0,20.96
291,Marabba,SD,2022-01-02 20:08:32,12.35,32.1833,75.2,19,94,15.08
292,Natal,BR,2022-01-02 20:08:32,-5.795,-35.2094,84.85,70,40,4.61
293,Fatezh,RU,2022-01-02 20:08:33,52.0891,35.8632,13.98,96,100,5.35
294,Spornoye,RU,2022-01-02 20:08:33,50.8448,37.2913,15.82,97,96,5.06
295,Kavieng,PG,2022-01-02 20:08:34,-2.5744,150.7967,82.0,76,100,9.04
296,Aanekoski,FI,2022-01-02 20:08:34,62.6946,25.818,20.08,100,100,9.51
297,Panzhihua,CN,2022-01-02 20:08:35,26.5851,101.7128,46.74,74,0,1.39
298,Belmonte,BR,2022-01-02 20:08:35,-15.8631,-38.8828,82.9,73,100,7.72
299,Breyten,ZA,2022-01-02 20:08:36,-26.3018,29.987,57.51,96,100,8.5
300,Fort Abbas,PK,2022-01-02 20:08:36,29.1925,72.8536,60.62,20,100,6.49
301,Bandar-E Lengeh,IR,2022-01-02 20:08:37,26.5579,54.8807,74.44,75,53,15.41
302,Kedgwick,CA,2022-01-02 20:08:37,47.6446,-67.3434,17.26,85,100,7.49
303,Buala,SB,2022-01-02 20:08:38,-8.145,159.5921,80.06,85,67,5.91
304,Sorland,NO,2022-01-02 20:08:38,67.667,12.6934,40.86,81,100,31.18
305,Usinsk,RU,2022-01-02 20:08:39,65.9939,57.5281,6.89,96,99,6.76
306,Bestobe,KZ,2022-01-02 20:08:39,52.4994,73.0975,17.53,91,100,11.16
307,Ahuimanu,US,2022-01-02 20:08:40,21.4447,-157.8378,73.2,93,75,3.44
308,Karoi,ZW,2022-01-02 20:08:40,-16.8099,29.6925,67.19,83,69,4.34
309,Swakopmund,NA,2022-01-02 20:08:41,-22.6833,14.5333,62.98,84,2,1.99
310,Impfondo,CG,2022-01-02 20:08:41,1.6381,18.0667,76.1,52,85,1.34
311,Mount Gambier,AU,2022-01-02 20:08:42,-37.8333,140.7667,49.91,93,73,6.91
312,Sagaing,MM,2022-01-02 20:08:42,21.8787,95.9797,63.95,70,21,2.51
313,Baglan,AF,2022-01-02 20:08:42,36.1307,68.7083,49.73,43,100,2.71
314,Saiki,JP,2022-01-02 20:08:43,32.95,131.9,41.59,78,70,7.2
315,Pemberton,CA,2022-01-02 20:08:43,50.3164,-122.8027,31.69,96,100,3.24
316,Podgorenskiy,RU,2022-01-02 20:08:44,50.405,39.6429,-0.83,100,69,5.1
317,Paita,PE,2022-01-02 20:08:44,-5.0892,-81.1144,82.96,68,21,12.53
318,Roros,NO,2022-01-02 20:09:44,62.5747,11.3842,13.84,85,20,5.75
319,Bubaque,GW,2022-01-02 20:09:45,11.2833,-15.8333,79.9,73,99,12.68
320,Vila Velha,BR,2022-01-02 20:05:17,-20.3297,-40.2925,80.55,79,0,11.01
321,Poum,NC,2022-01-02 20:09:46,-20.2333,164.0167,80.31,78,81,11.21
322,Fuerte,PH,2022-01-02 20:09:47,17.5381,120.3644,71.38,74,41,7.85
323,Halmstad,SE,2022-01-02 20:09:47,56.6745,12.8568,48.54,100,90,1.14
324,Pisco,PE,2022-01-02 20:09:48,-13.7,-76.2167,73.45,78,0,10.36
325,Chenzhou,CN,2022-01-02 20:09:48,25.8,113.0333,47.89,81,33,1.86
326,Leshan,CN,2022-01-02 20:09:49,29.5623,103.7639,49.1,74,100,1.74
327,Kahului,US,2022-01-02 20:05:41,20.8947,-156.47,83.46,78,1,5.75
328,Mana,GF,2022-01-02 20:09:49,5.6592,-53.7767,80.46,70,24,9.26
329,Dalvik,IS,2022-01-02 20:09:50,65.9702,-18.5286,18.66,81,93,12.59
330,Eston,CA,2022-01-02 20:09:50,51.1501,-108.7514,24.93,78,8,14.74
331,Warrington,GB,2022-01-02 20:09:51,53.3925,-2.5802,50.99,83,20,7.0
332,Dumas,US,2022-01-02 20:09:51,35.8656,-101.9732,43.11,48,1,11.5
333,Gualaquiza,EC,2022-01-02 20:09:52,-3.4,-78.55,74.14,85,56,2.44
334,Turukhansk,RU,2022-01-02 20:09:52,65.8167,87.9833,-12.57,97,100,13.11
335,Honiara,SB,2022-01-02 20:09:52,-9.4333,159.95,79.48,89,99,6.91
336,Benghazi,LY,2022-01-02 20:09:53,32.1167,20.0667,61.59,75,0,11.21
337,Bardiyah,LY,2022-01-02 20:09:53,31.7561,25.0865,60.8,74,1,8.93
338,Nantucket,US,2022-01-02 20:09:54,41.2835,-70.0995,52.03,94,90,11.5
339,Geraldton,AU,2022-01-02 20:09:54,-28.7667,114.6,66.61,88,0,4.61
340,Quelimane,MZ,2022-01-02 20:09:54,-17.8786,36.8883,82.35,89,20,10.36
341,Sept-Iles,CA,2022-01-02 20:09:55,50.2001,-66.3821,9.05,70,100,9.26
342,Mitu,CO,2022-01-02 20:06:25,1.1983,-70.1733,89.58,47,56,4.56
343,Karasuk,RU,2022-01-02 20:09:55,53.7377,78.0403,9.45,90,94,7.18
344,Jizan,SA,2022-01-02 20:09:56,17.3333,42.6667,79.45,68,63,2.19
345,Wad Rawah,SD,2022-01-02 20:09:56,15.1603,33.1397,68.86,24,37,12.08
346,Tartagal,AR,2022-01-02 20:09:57,-22.5164,-63.8013,100.04,35,1,3.33
347,Great Bend,US,2022-01-02 20:09:57,38.3645,-98.7648,28.89,68,1,12.66
348,New Baltimore,US,2022-01-02 20:05:34,42.6811,-82.7369,26.74,73,75,14.97
349,Dunedin,NZ,2022-01-02 20:09:58,-45.8742,170.5036,65.86,63,100,1.39
350,Kidal,ML,2022-01-02 20:09:58,18.4411,1.4078,66.24,23,0,11.27
351,Khujner,IN,2022-01-02 20:09:59,23.7833,76.6,58.1,62,0,7.2
352,Ust-Ilimsk,RU,2022-01-02 20:09:59,58.0006,102.6619,5.02,95,100,6.78
353,Andahuaylas,PE,2022-01-02 20:10:00,-13.6556,-73.3872,70.18,48,84,8.72
354,Prince Rupert,CA,2022-01-02 20:09:19,54.3161,-130.3201,35.98,98,100,6.53
355,Resistencia,AR,2022-01-02 20:10:00,-27.4606,-58.9839,89.58,43,0,8.05
356,Kyra,RU,2022-01-02 20:10:01,49.5776,111.9753,3.88,74,96,3.27
357,Fairbanks,US,2022-01-02 20:05:28,64.8378,-147.7164,-28.91,75,1,0.0
358,Alto Araguaia,BR,2022-01-02 20:10:02,-17.3147,-53.2153,80.44,65,5,6.29
359,Alyangula,AU,2022-01-02 20:10:03,-13.8483,136.4192,83.8,80,90,15.88
360,Cockburn Town,TC,2022-01-02 20:10:04,21.4612,-71.1419,80.56,54,20,10.36
361,Jiehu,CN,2022-01-02 20:10:04,35.5428,118.455,28.87,84,6,2.42
362,North Las Vegas,US,2022-01-02 20:10:05,36.1989,-115.1175,47.79,26,1,3.44
363,Vila Do Maio,CV,2022-01-02 20:10:05,15.1333,-23.2167,75.72,75,4,15.3
364,Panama City,PA,2022-01-02 20:10:06,8.9936,-79.5197,88.14,70,40,5.75
365,Wanaka,NZ,2022-01-02 20:11:06,-44.7,169.15,66.27,54,100,4.21
366,Labuhan,ID,2022-01-02 20:11:06,-6.8844,112.2051,76.75,88,100,9.66
367,Terme,TR,2022-01-02 20:11:07,41.2092,36.9739,46.96,73,95,15.59
368,Port Hardy,CA,2022-01-02 20:11:07,50.6996,-127.4199,41.76,97,100,20.04
369,Sonoita,MX,2022-01-02 20:11:08,31.85,-112.8333,53.53,20,0,11.65
370,Khani,GE,2022-01-02 20:11:09,41.9563,42.9566,33.37,99,94,5.3
371,Lakes Entrance,AU,2022-01-02 20:11:09,-37.8811,147.981,63.57,85,53,6.02
372,Bam,IR,2022-01-02 20:11:10,29.106,58.357,53.98,78,84,2.1
373,Otane,NZ,2022-01-02 20:11:10,-39.8833,176.6333,71.38,57,56,4.21
374,Longyearbyen,SJ,2022-01-02 20:11:10,78.2186,15.6401,12.04,67,75,27.63
375,Liuzhou,CN,2022-01-02 20:11:11,24.3126,109.3892,53.26,72,70,2.57
376,Farah,AF,2022-01-02 20:11:11,32.5,62.5,49.69,86,100,4.45
377,Takoradi,GH,2022-01-02 20:11:12,4.8845,-1.7554,80.96,78,30,6.29
378,Van Wert,US,2022-01-02 20:11:12,40.8695,-84.5841,28.11,87,90,5.99
379,Puerto Madryn,AR,2022-01-02 20:08:56,-42.7692,-65.0385,73.27,15,68,31.54
380,Kavaratti,IN,2022-01-02 20:11:13,10.5669,72.642,81.18,72,8,4.36
381,Sibolga,ID,2022-01-02 20:07:16,1.7427,98.7792,74.55,91,100,4.07
382,Hailar,CN,2022-01-02 20:11:13,49.2,119.7,-0.94,98,100,5.99
383,Banda Aceh,ID,2022-01-02 20:11:14,5.5577,95.3222,76.62,84,21,12.35
384,Itacarambi,BR,2022-01-02 20:11:14,-15.1022,-44.0919,76.26,93,98,4.09
385,Trinidad,BO,2022-01-02 20:11:15,-14.8333,-64.9,94.98,55,20,16.11
386,Erenhot,CN,2022-01-02 20:11:15,43.6475,111.9767,9.46,54,0,7.45
387,Villarrica,PY,2022-01-02 20:11:16,-25.75,-56.4333,103.96,19,100,6.13
388,Visnes,NO,2022-01-02 20:11:16,59.3556,5.2242,46.29,93,75,16.11
389,Akyab,MM,2022-01-02 20:11:17,20.15,92.9,65.55,77,84,5.14
390,Kollam,IN,2022-01-02 20:11:17,8.8833,76.6,82.27,71,12,14.14
391,Hervey Bay,AU,2022-01-02 20:11:17,-25.2986,152.8535,71.71,77,30,5.01
392,Jian,CN,2022-01-02 20:11:18,27.1172,114.9793,46.71,59,5,1.86
393,Naze,JP,2022-01-02 20:11:18,28.3667,129.4833,57.43,75,86,10.36
394,Mandla,IN,2022-01-02 20:11:19,22.6,80.3833,56.3,61,0,4.03
395,Nizhneangarsk,RU,2022-01-02 20:11:19,55.7833,109.55,-6.54,80,93,4.45
396,Kudahuvadhoo,MV,2022-01-02 20:11:19,2.6708,72.8944,81.55,79,15,11.83
397,Altamont,US,2022-01-02 20:11:20,42.2068,-121.7372,31.77,73,1,1.01
398,Praia Da Vitoria,PT,2022-01-02 20:11:20,38.7333,-27.0667,59.76,94,100,9.46
399,Shemonaikha,KZ,2022-01-02 20:11:21,50.6328,81.9056,4.87,80,80,6.53
400,Novobirilyussy,RU,2022-01-02 20:11:21,56.9514,90.6661,16.12,94,100,9.26
401,Aldan,RU,2022-01-02 20:11:21,58.6031,125.3894,-29.43,100,93,2.86
402,Parangan,PH,2022-01-02 20:11:22,5.0839,119.9383,78.69,79,100,7.29
403,Kaniama,CD,2022-01-02 20:11:22,-7.5667,24.1833,68.27,95,100,0.45
404,Benguela,AO,2022-01-02 20:11:22,-12.5763,13.4055,78.21,80,78,5.3
405,San Juan,AR,2022-01-02 20:11:23,-31.5375,-68.5364,103.06,8,0,10.31
406,Sun City West,US,2022-01-02 20:11:23,33.662,-112.3413,58.24,20,1,1.01
407,Asyut,EG,2022-01-02 20:09:52,27.181,31.1837,56.34,64,56,6.64
408,Serenje,ZM,2022-01-02 20:11:24,-13.2325,30.2352,61.99,89,100,1.7
409,Lasa,IT,2022-01-02 20:11:24,46.6166,10.7002,37.36,61,100,4.41
410,Puerto Quijarro,BO,2022-01-02 20:11:25,-17.7833,-57.7667,86.29,60,23,5.44
411,Xinpu,CN,2022-01-02 20:11:25,34.5997,119.1594,32.0,83,3,3.47
412,Tecoanapa,MX,2022-01-02 20:11:25,16.5167,-98.75,84.22,57,0,9.17
413,Zhytomyr,UA,2022-01-02 20:11:26,50.2649,28.6767,33.31,86,100,15.32
414,Adolfo Lopez Mateos,MX,2022-01-02 20:11:27,28.4667,-107.3,52.93,18,1,8.7
415,Mayo,US,2022-01-02 20:12:27,38.8876,-76.5119,64.18,90,100,1.01
416,Dauriya,RU,2022-01-02 20:12:27,49.9333,116.8667,-3.91,95,50,11.48
417,Mudkhed,IN,2022-01-02 20:12:28,19.1667,77.5167,67.21,59,0,6.13
418,Duluth,US,2022-01-02 20:10:18,46.7833,-92.1066,7.07,63,1,5.99
419,Krasnyy Chikoy,RU,2022-01-02 20:12:11,50.3643,108.7512,-10.05,94,74,2.33
420,Canakkale,TR,2022-01-02 20:12:29,40.0833,26.8333,50.52,92,4,3.04
421,Maragogi,BR,2022-01-02 20:09:48,-9.0122,-35.2225,81.09,71,70,11.16
422,Yakeshi,CN,2022-01-02 20:12:29,49.2833,120.7333,-6.92,100,100,1.99
423,Zhuhai,CN,2022-01-02 20:12:30,22.2769,113.5678,64.11,82,0,8.05
424,Wilmington,US,2022-01-02 20:11:58,34.2257,-77.9447,71.98,78,90,6.91
425,Conde,BR,2022-01-02 20:12:30,-7.2597,-34.9075,81.86,74,40,12.66
426,Noumea,NC,2022-01-02 20:12:31,-22.2763,166.4572,82.99,99,100,10.25
427,Carballo,ES,2022-01-02 20:12:31,43.213,-8.691,58.01,88,100,6.22
428,At-Bashi,KG,2022-01-02 20:12:32,41.1702,75.8106,12.51,73,91,3.4
429,Mount Isa,AU,2022-01-02 20:12:32,-20.7333,139.5,82.17,69,100,8.05
430,Nemuro,JP,2022-01-02 20:12:32,43.3236,145.575,23.61,62,33,30.06
431,Banamba,ML,2022-01-02 20:12:33,13.55,-7.45,73.56,15,97,8.55
432,Grobina,LV,2022-01-02 20:12:33,56.5352,21.1678,40.86,100,90,5.75
433,Marquette,US,2022-01-02 20:12:34,46.5333,-87.6335,14.68,60,100,7.58
434,Letlhakane,BW,2022-01-02 20:12:34,-21.4167,25.5833,86.43,26,61,6.4
435,General Roca,AR,2022-01-02 20:12:35,-39.0333,-67.5833,77.92,30,52,33.49
436,Kachug,RU,2022-01-02 20:12:35,53.9606,105.8817,-5.84,100,98,0.49
437,Sosnogorsk,RU,2022-01-02 20:12:36,63.6023,53.8817,-0.2,100,99,1.9
438,Arys,KZ,2022-01-02 20:12:36,42.4252,68.795,41.22,74,99,5.93
439,Lorengau,PG,2022-01-02 20:12:36,-2.0226,147.2712,81.0,82,94,11.95
440,Kungurtug,RU,2022-01-02 20:12:37,50.5994,97.5228,-9.87,95,99,1.32
441,Peleduy,RU,2022-01-02 20:12:37,59.6289,112.7406,-9.31,94,100,7.72
442,Oriximina,BR,2022-01-02 20:12:37,-1.7656,-55.8661,86.65,58,94,5.5
443,Hamilton,US,2022-01-02 20:12:38,39.1834,-84.5333,33.08,85,90,1.99
444,Makakilo City,US,2022-01-02 20:12:38,21.3469,-158.0858,72.01,87,20,10.36
445,Tiznit,MA,2022-01-02 20:12:38,29.5833,-9.5,61.36,43,5,2.48
446,Nishihara,JP,2022-01-02 20:12:39,26.1842,127.7558,61.88,72,20,6.91
447,Paamiut,GL,2022-01-02 20:12:39,61.994,-49.6678,25.16,80,100,13.53
448,Kenora,CA,2022-01-02 20:12:40,49.8167,-94.4337,-16.62,81,65,7.09
449,Rajapalaiyam,IN,2022-01-02 20:12:40,9.45,77.5667,71.4,91,17,3.02
450,Zharkent,KZ,2022-01-02 20:12:41,44.1628,80.0,31.1,50,99,2.95
451,Valentin Gomez Farias,MX,2022-01-02 20:12:41,28.2167,-106.5833,50.49,34,2,8.21
452,Mafinga,TZ,2022-01-02 20:12:42,-7.25,35.0667,68.58,88,100,2.57
453,Sao Gabriel Da Cachoeira,BR,2022-01-02 20:12:42,-0.1303,-67.0892,81.57,90,83,2.04
454,Bolobo,CD,2022-01-02 20:12:42,-2.1667,16.2333,77.07,77,90,2.01
455,Porosozero,RU,2022-01-02 20:12:43,62.7191,32.727,-3.24,100,100,0.96
456,Arinos,BR,2022-01-02 20:12:43,-15.9169,-46.1056,77.86,88,100,2.59
457,Lavrentiya,RU,2022-01-02 20:12:44,65.5833,-171.0,1.81,94,100,2.46
458,Tokur,RU,2022-01-02 20:12:44,53.1333,132.9,-33.18,100,100,1.45
459,Abu Dhabi,AE,2022-01-02 20:12:44,24.4667,54.3667,78.82,59,0,5.01
460,Luganville,VU,2022-01-02 20:12:45,-15.5333,167.1667,81.9,79,97,1.39
461,Nizhniy Baskunchak,RU,2022-01-02 20:12:45,48.2198,46.8311,27.28,90,95,14.94
462,Mozarlandia,BR,2022-01-02 20:13:45,-14.7447,-50.5706,81.55,74,41,4.59
463,Huangmei,CN,2022-01-02 20:13:46,30.1924,116.025,43.14,43,1,2.77
464,Petropavlovsk-Kamchatskiy,RU,2022-01-02 20:13:46,53.0452,158.6483,3.79,85,40,6.71
465,Lagoa,PT,2022-01-02 20:13:47,39.05,-27.9833,56.55,89,100,32.28
466,Saint-Leu,RE,2022-01-02 20:13:47,-21.15,55.2833,76.06,78,3,3.78
467,Uige,AO,2022-01-02 20:13:48,-7.6087,15.0613,67.32,98,100,0.4
468,Kysyl-Syr,RU,2022-01-02 20:13:48,63.8986,122.7617,-46.14,100,79,0.78
469,Waipawa,NZ,2022-01-02 20:13:49,-41.4122,175.5153,68.63,61,99,6.76
470,Sola,VU,2022-01-02 20:13:49,-13.8833,167.55,82.8,77,100,18.1
471,Soyo,AO,2022-01-02 20:13:50,-6.1349,12.3689,78.69,87,99,8.55
472,Pauini,BR,2022-01-02 20:13:50,-7.7136,-66.9764,86.92,68,90,4.43
473,Massakory,TD,2022-01-02 20:13:50,12.996,15.7293,68.81,26,62,14.9
474,Porto Velho,BR,2022-01-02 20:13:44,-8.7619,-63.9039,80.65,83,40,5.75
475,Mazagao,BR,2022-01-02 20:13:51,-0.115,-51.2894,84.25,88,83,5.32
476,Sidi Ali,DZ,2022-01-02 20:13:51,36.0998,0.4206,55.35,62,7,1.5
477,Olafsvik,IS,2022-01-02 20:13:52,64.8945,-23.7142,25.86,56,0,10.47
478,Ballangen,NO,2022-01-02 20:13:52,68.3428,16.8315,30.11,63,75,17.27
479,Shache,CN,2022-01-02 20:13:53,38.4167,77.2406,22.6,48,9,1.66
480,Isla Aguada,MX,2022-01-02 20:13:53,18.7833,-91.4667,89.64,71,0,9.55
481,Severobaykalsk,RU,2022-01-02 20:13:53,55.65,109.3167,-5.15,80,98,5.1
482,Kampot,KH,2022-01-02 20:13:54,10.6167,104.1833,80.65,70,43,9.62
483,Zhigansk,RU,2022-01-02 20:13:54,66.7697,123.3711,-48.84,98,61,6.31
484,Ierapetra,GR,2022-01-02 20:13:55,35.01,25.7353,60.15,68,1,15.01
485,Husavik,IS,2022-01-02 20:13:55,66.0449,-17.3389,25.9,72,100,33.11
486,Sinnamary,GF,2022-01-02 20:13:55,5.3833,-52.95,78.71,80,28,11.3
487,Hasaki,JP,2022-01-02 20:13:56,35.7333,140.8333,30.6,55,2,14.38
488,Xiuyan,CN,2022-01-02 20:13:56,40.2928,123.2744,19.09,27,100,2.86
489,Alugan,PH,2022-01-02 20:13:57,12.2188,125.4808,77.99,80,100,17.13
490,Umm Bab,QA,2022-01-02 20:13:57,25.2142,50.8072,69.48,83,54,2.13
491,Brae,GB,2022-01-02 20:13:57,60.3964,-1.353,48.11,88,100,22.24
492,Nichinan,JP,2022-01-02 20:13:58,31.6,131.3667,41.76,74,5,4.83
493,Apatou,GF,2022-01-02 20:13:58,5.155,-54.3472,82.15,66,59,5.1
494,Avera,US,2022-01-02 20:09:50,33.194,-82.5271,66.7,76,100,2.93
495,Smithfield,US,2022-01-02 20:10:09,41.922,-71.5495,53.06,98,90,1.99
496,Sao Raimundo Nonato,BR,2022-01-02 20:13:59,-9.0153,-42.6994,80.71,75,78,4.09
497,Quatre Cocos,MU,2022-01-02 20:14:00,-20.2078,57.7625,76.08,73,27,8.48
498,Hibbing,US,2022-01-02 20:14:00,47.4272,-92.9377,0.9,77,64,5.68
499,Ratnagiri,IN,2022-01-02 20:14:01,16.9833,73.3,76.01,60,16,4.29
500,Moerai,PF,2022-01-02 20:14:01,-22.4333,-151.3333,77.45,70,100,12.8
501,Port Washington,US,2022-01-02 20:14:01,40.8257,-73.6982,58.82,83,75,4.0
502,Havre,FR,2022-01-02 20:14:02,49.5833,0.3333,54.03,82,0,21.85
503,Kaka,TM,2022-01-02 20:11:43,37.3482,59.6143,47.44,59,100,0.25
504,Tessalit,ML,2022-01-02 20:14:03,20.1986,1.0114,65.46,17,0,11.79
505,Nouadhibou,MR,2022-01-02 20:14:03,20.931,-17.0347,71.44,53,0,10.65
506,Bilibino,RU,2022-01-02 20:14:03,68.0546,166.4372,11.57,94,100,4.23
507,Praya,CV,2022-01-02 20:14:04,14.9215,-23.5087,74.93,74,4,13.29
508,Joao Pinheiro,BR,2022-01-02 20:14:04,-17.7425,-46.1725,74.84,84,100,4.68
509,Yar-Sale,RU,2022-01-02 20:15:04,66.8333,70.8333,-15.68,100,100,9.01
510,Fare,PF,2022-01-02 20:15:05,-16.7,-151.0167,76.41,84,100,5.19
511,Tsaratanana,MG,2022-01-02 20:15:05,-16.7833,47.65,76.73,82,89,0.96
512,Sao Domingos,BR,2022-01-02 20:15:06,-13.3983,-46.3183,73.27,88,100,3.24
513,Camacha,PT,2022-01-02 20:15:06,33.0833,-16.3333,65.16,82,0,5.75
514,Bugiri,UG,2022-01-02 20:15:07,0.5714,33.7417,67.46,80,23,2.73
515,Aswan,EG,2022-01-02 20:15:07,24.0934,32.907,57.22,47,0,9.62
516,Bauchi,NG,2022-01-02 20:15:07,10.5,10.0,67.17,27,53,6.2
517,Elko,US,2022-01-02 20:15:08,41.0002,-115.5012,17.64,65,83,1.77
518,San Ignacio,BZ,2022-01-02 20:15:08,17.1561,-89.0714,93.34,55,40,4.61
519,Batagay-Alyta,RU,2022-01-02 20:12:15,67.8006,130.4114,-41.91,98,14,3.67
520,Ayagoz,KZ,2022-01-02 20:15:09,47.9714,80.4392,5.88,86,98,3.89
521,Mopti,ML,2022-01-02 20:15:09,14.6667,-4.0,77.88,13,100,8.97
522,Tilichiki,RU,2022-01-02 20:15:10,60.4667,166.1,31.01,96,100,35.28
523,Winslow,US,2022-01-02 20:11:51,35.0242,-110.6974,29.97,49,1,1.01
524,Vredendal,ZA,2022-01-02 20:15:11,-31.6683,18.5012,65.39,62,17,12.33
525,Inuvik,CA,2022-01-02 20:15:11,68.3499,-133.7218,-20.16,69,100,8.05
526,Rio Gallegos,AR,2022-01-02 20:15:12,-51.6226,-69.2181,57.25,67,40,40.29
527,Nokia,FI,2022-01-02 20:15:13,61.4667,23.5,24.85,93,90,10.36
528,Nieuw Amsterdam,SR,2022-01-02 20:15:13,5.8833,-55.0833,86.16,71,40,2.3
529,La Brea,HN,2022-01-02 20:15:14,15.8,-85.9667,85.51,66,40,8.05
530,Tamandare,BR,2022-01-02 20:15:14,-8.7597,-35.1047,80.69,75,99,11.48
531,Godeni,RO,2022-01-02 20:15:14,45.2333,24.9833,37.74,90,97,2.93
532,Daru,PG,2022-01-02 20:15:15,-9.0763,143.2092,77.02,90,72,7.11
533,Iquique,CL,2022-01-02 20:15:15,-20.2208,-70.1431,73.44,65,9,5.86
534,Santa Cruz Del Sur,CU,2022-01-02 20:15:15,20.7147,-77.9956,81.73,54,0,8.43
535,Capreol,CA,2022-01-02 20:15:16,46.706,-80.9225,8.91,60,40,1.01
536,Dana Point,US,2022-01-02 20:15:16,33.467,-117.6981,66.78,39,0,3.0
537,Cuauhtemoc,MX,2022-01-02 20:13:03,28.4167,-106.8667,53.73,28,0,8.97
538,Miracema Do Tocantins,BR,2022-01-02 20:15:17,-9.5618,-48.3967,81.1,88,100,3.29
539,Dongsheng,CN,2022-01-02 20:15:17,39.8161,109.9776,14.79,51,7,7.49
540,Carberry,CA,2022-01-02 20:15:18,49.8689,-99.3602,-9.17,81,100,4.34
541,Valparaiso,CL,2022-01-02 20:11:46,-33.0393,-71.6273,82.63,40,0,5.75
542,Maniitsoq,GL,2022-01-02 20:15:18,65.4167,-52.9,20.55,65,99,15.3
543,Paka,MY,2022-01-02 20:15:19,4.6374,103.4368,78.73,89,100,9.22
544,Gamba,GA,2022-01-02 20:15:19,-2.65,10.0,77.32,90,99,3.67
545,Bartica,GY,2022-01-02 20:15:20,6.4,-58.6167,82.72,78,39,6.44
546,Streator,US,2022-01-02 20:15:20,41.1209,-88.8354,24.04,85,99,1.99
547,Rocha,UY,2022-01-02 20:14:26,-34.4833,-54.3333,85.14,48,55,10.78
548,Port Hedland,AU,2022-01-02 20:15:21,-20.3167,118.5667,78.85,83,5,8.05
549,Yulara,AU,2022-01-02 20:15:21,-25.2406,130.9889,80.44,22,13,10.36
550,Sumenep,ID,2022-01-02 20:15:21,-7.0167,113.8667,77.9,83,100,0.83
